source_id,date,publisher,title,artifact_type,url,supports,status,notes
SRC-BE-10K-FY25,2026-02-09,Bloom Energy / SEC,Bloom Energy fiscal 2025 Form 10-K,10-K,https://www.sec.gov/Archives/edgar/data/1664703/000162828026006516/be-20251231.htm,Bloom supplier economics revenue concentration financing and commitments,Primary read,Statements of Operations; Note 3 revenue concentration and RPO; Note 11 Fund JVs and Brookfield framework; debt and commitments
SRC-BE-10QA-Q2FY26,2026-07-29,Bloom Energy / SEC,Bloom Energy Q2 2026 Form 10-Q/A,10-Q/A,https://www.sec.gov/Archives/edgar/data/1664703/000162828026050325/be-20260630.htm,Bloom quarterly revenue concentration cash debt RPO JVs and Oracle warrant,Primary read,Statements of Operations; Notes 3 11 12 and 13; liquidity and debt tables
SRC-BE-EARNINGS-Q2FY26,2026-07-28,Bloom Energy / SEC,Bloom Energy Q2 2026 financial results,8-K exhibit 99.1,https://www.sec.gov/Archives/edgar/data/1664703/000162828026050150/ex991_q226financialresults.htm,Bloom quarterly results cash flow and guidance,Primary read,Financial highlights revenue table cash-flow summary and fiscal 2026 outlook
SRC-NBIS-BE-CAPACITY-20260520,2026-05-20,Nebius / SEC,Nebius Capacity Agreement with Bloom Energy,6-K,https://www.sec.gov/Archives/edgar/data/0001965040/000121390026052737/ea0243376-6k_nebius.htm,Bloom contracted generation and capacity-service economics,Primary read,Agreement entered May 14; three 10-year phases; about250MW guaranteed and328MW installed generation; up to2.6B aggregate service fees
SRC-NBIS-BE-RELEASE-20260520,2026-05-20,Nebius,Nebius and Bloom Energy partner for AI infrastructure power,counterparty_release,https://nebius.com/newsroom/nebius-and-bloom-energy-partner-to-power-ai-infrastructure-build-out,Bloom deployment timing and behind-the-meter boundary,Primary read,Opening:328MW installed behind-the-meter generation expected operational in 2026
SRC-IDF-OAKTREE-BE-20260716,2026-07-16,IDF / Oaktree,$1.7 billion project investment for Bloom fuel cells serving Nebius,project_finance_release,https://www.prnewswire.com/news-releases/industrial-development-funding-and-oaktree-announce-1-7-billion-project-investment-in-bloom-energy-fuel-cells-for-nebius-ai-infrastructure-build-out-302827566.html,Bloom Nebius project-finance capital stack,Primary read,IDF developer; Oaktree minority equity; Morgan Stanley tax equity and placement agent; MUFG senior debt
SRC-BE-BROOKFIELD-20260630,2026-06-30,Bloom Energy / Brookfield,Brookfield and Bloom expand AI infrastructure financing framework to $25 billion,issuer_release,https://investor.bloomenergy.com/press-releases/press-release-details/2026/Brookfield-and-Bloom-Energy-Expand-AI-Infrastructure-Partnership-to-25-Billion-Fivefold-Increase-to-Build-and-Finance-Rapid-Power-for-AI-Infrastructure/default.aspx,Bloom financing framework,Primary read,Framework expanded from5B to25B over five years; not recognized revenue or RPO
SRC-BE-ORCL-20260413,2026-04-13,Bloom Energy / Oracle,Bloom and Oracle expand strategic partnership to up to 2.8 GW,issuer_release,https://investor.bloomenergy.com/press-releases/press-release-details/2026/Bloom-Energy-and-Oracle-Expand-Strategic-Partnership-to-Deploy-up-to-2-8-GW-to-Accelerate-AI-Infrastructure-Build-Out/default.aspx,Bloom future Oracle generation deployment,Primary read,Up to2.8GW;1.2GW contracted and deploying into next year; first system delivered in55 days
SRC-ORCL-JUPITER-BE-20260427,2026-04-27,Oracle / BorderPlex,Oracle BorderPlex and Bloom to power Project Jupiter,counterparty_release,https://www.oracle.com/news/announcement/oracle-borderplex-and-bloom-energy-to-power-project-jupiter-with-fuel-cell-technology-2026-04-27/,Bloom Project Jupiter generation perimeter,Primary read,Up to2.45GW installed fuel-cell generation; Oracle bears energy costs; no IT-load or PUE disclosure
SRC-BE-800V-20260916,2026-09-16,Bloom Energy,Bloom 800V DC-native power cost model,issuer_modeled_claim,https://investor.bloomenergy.com/press-releases/press-release-details/2026/Bloom-Energys-800V-DC-Native-Power-Can-Cut-Billions-from-AI-Data-Center-Costs-Reduce-Power-Use-and-Eliminate-Need-for-Transformers/default.aspx,Bloom company modeled DC power economics,Primary read,Illustrative1GW site claims3.6B non-compute capex and5.5B five-year TCO savings; not audited realized economics or PUE
